action	min_reward	mean_reward	max_reward
0	0.0	0.5676410561096791	2.9889216151840223
1	0.0	0.4595199961562412	3.76146119165972
2	0.0	0.23333456883671577	0.84965907068365
