arm	count	mean	std	min	max	cv
0	2000	0.7974570781452321	0.7777560766980832	0.0	5.289161877007019	0.9752952202857481
1	2000	0.6191642293392623	0.7064453559322661	0.0	4.844618563369194	1.1409660352732995
2	2000	0.9189591130639293	0.8037875770688128	0.0	4.096116009358555	0.8746717515960861
