strategy	regret
uniform	147.47584907546712
just-0	0.0
just-1	108.1210599534379
just-2	334.3064872729634
actual	11.365165245695039
